Fecha,Producto,Región,Ventas_USD,Unidades,Costo_USD
2024-01-04,Training,North America,1069.64,2,444.01
2024-01-04,Hardware Pack,LATAM,4114.62,2,2778.2
2024-01-04,Analytics License,LATAM,1362.74,2,473.7
2024-01-05,Hardware Pack,North America,2188.31,1,1484.87
2024-01-05,CRM Software,Middle East,2717.1,2,736.2
2024-01-07,IT Consulting,North America,3796.15,1,1979.34
2024-01-08,Analytics License,LATAM,1397.96,2,484.15
2024-01-08,CRM Software,LATAM,2162.3,2,591.01
2024-01-08,Premium Support,Europe,1155.18,3,241.94
2024-01-09,Premium Support,LATAM,442.1,1,81.89
2024-01-09,IT Consulting,North America,6418.48,2,3562.41
2024-01-09,Analytics License,Europe,901.16,1,335.09
2024-01-10,Premium Support,LATAM,944.98,2,174.62
2024-01-10,IT Consulting,North America,7446.6,2,3844.29
2024-01-11,Training,Asia-Pacific,621.48,1,246.32
2024-01-12,IT Consulting,North America,3625.6,1,2033.81
2024-01-13,Hardware Pack,Middle East,2083.47,1,1440.72
2024-01-13,Training,North America,632.57,1,272.22
2024-01-13,Training,Europe,600.45,1,225.81
2024-01-13,Premium Support,North America,483.49,1,91.06
2024-01-14,CRM Software,Europe,3938.7,3,1232.41
2024-01-14,Premium Support,Asia-Pacific,1376.19,3,276.15
2024-01-15,Training,North America,647.24,1,279.62
2024-01-15,IT Consulting,LATAM,6573.26,2,3645.21
2024-01-16,Premium Support,Europe,473.27,1,98.24
2024-01-16,IT Consulting,Europe,14930.1,5,8860.38
2024-01-17,CRM Software,Asia-Pacific,5795.45,5,1657.7
2024-01-17,Analytics License,Europe,864.35,1,302.55
2024-01-18,IT Consulting,North America,3752.59,1,1896.71
2024-01-18,Premium Support,Middle East,848.08,2,160.87
2024-01-18,Analytics License,LATAM,2482.44,3,882.96
2024-01-18,Training,Europe,519.78,1,187.89
2024-01-19,IT Consulting,North America,3963.1,1,2342.16
2024-01-19,IT Consulting,Europe,16769.25,5,9689.49
2024-01-19,CRM Software,Europe,2098.8,2,594.09
2024-01-20,Analytics License,Europe,3098.76,4,1148.05
2024-01-20,CRM Software,LATAM,2705.34,2,863.6
2024-01-21,Hardware Pack,Asia-Pacific,2300.38,1,1579.26
2024-01-22,Analytics License,LATAM,688.32,1,222.95
2024-01-22,IT Consulting,LATAM,3936.46,1,2215.42
2024-01-23,Analytics License,Asia-Pacific,2748.42,3,1040.78
2024-01-24,Training,LATAM,1731.54,3,710.9
2024-01-24,Premium Support,LATAM,383.92,1,70.51
2024-01-25,Analytics License,LATAM,828.51,1,299.57
2024-01-25,Hardware Pack,North America,4185.2,2,2546.06
2024-01-25,Premium Support,North America,393.07,1,79.77
2024-01-26,Hardware Pack,LATAM,4535.26,2,2954.78
2024-01-26,Training,North America,654.69,1,262.34
2024-01-26,IT Consulting,Europe,7528.52,2,4242.94
2024-01-27,IT Consulting,LATAM,3503.34,1,1924.25
2024-01-27,CRM Software,Europe,5143.8,4,1483.35
2024-01-28,Hardware Pack,Europe,2063.06,1,1295.99
2024-01-28,Training,Europe,1262.54,2,532.03
2024-01-28,Analytics License,North America,3192.68,4,1162.33
2024-01-29,Analytics License,Europe,685.66,1,235.84
2024-01-30,Premium Support,LATAM,803.66,2,165.8
2024-01-31,Hardware Pack,North America,7041.12,3,4331.27
2024-01-31,Analytics License,North America,1719.16,2,568.62
2024-01-31,Premium Support,LATAM,937.36,2,180.24
2024-01-31,Premium Support,Europe,856.08,2,186.34
2024-02-01,Analytics License,Europe,1808.58,2,661.62
2024-02-01,Analytics License,North America,2075.91,3,741.59
2024-02-01,Premium Support,Europe,399.7,1,76.51
2024-02-01,Training,LATAM,689.04,1,253.15
2024-02-04,IT Consulting,Europe,3090.58,1,1660.18
2024-02-05,Premium Support,Middle East,422.18,1,80.0
2024-02-05,Analytics License,North America,919.26,1,301.37
2024-02-05,IT Consulting,Asia-Pacific,3024.41,1,1503.55
2024-02-07,IT Consulting,Asia-Pacific,4019.51,1,2417.02
2024-02-08,IT Consulting,LATAM,3034.97,1,1548.26
2024-02-08,CRM Software,Asia-Pacific,1345.49,1,368.82
2024-02-09,CRM Software,Middle East,2082.6,2,641.37
2024-02-09,Premium Support,North America,384.29,1,73.72
2024-02-09,CRM Software,North America,1043.69,1,326.01
2024-02-11,Training,Europe,1064.68,2,393.63
2024-02-13,Hardware Pack,Asia-Pacific,2272.27,1,1497.19
2024-02-13,Analytics License,LATAM,769.16,1,275.59
2024-02-14,Analytics License,Europe,815.74,1,285.73
2024-02-14,Premium Support,North America,500.72,1,95.57
2024-02-14,Analytics License,Asia-Pacific,835.47,1,264.08
2024-02-15,Hardware Pack,LATAM,1906.77,1,1147.49
2024-02-15,Training,North America,601.89,1,223.45
2024-02-15,Training,North America,617.67,1,252.1
2024-02-16,CRM Software,Europe,1206.59,1,368.3
2024-02-17,Training,Middle East,1333.18,2,519.57
2024-02-18,CRM Software,LATAM,2272.64,2,748.3
2024-02-18,CRM Software,Europe,1047.62,1,293.29
2024-02-19,Training,Europe,674.15,1,245.98
2024-02-20,CRM Software,LATAM,5096.88,4,1470.64
2024-02-20,Analytics License,Europe,902.29,1,339.25
2024-02-20,Premium Support,North America,882.84,2,182.46
2024-02-21,Analytics License,North America,2423.64,3,843.41
2024-02-21,Analytics License,LATAM,898.18,1,284.76
2024-02-21,Premium Support,LATAM,388.04,1,81.41
2024-02-22,Training,LATAM,3196.1,5,1404.4
2024-02-22,CRM Software,North America,2608.38,2,769.4
2024-02-22,Training,Europe,1246.66,2,534.92
2024-02-23,Training,North America,3094.95,5,1190.41
2024-02-24,Training,North America,623.2,1,256.28
2024-02-25,Training,North America,567.36,1,209.0
2024-02-25,CRM Software,Asia-Pacific,1278.85,1,367.31
2024-02-25,Hardware Pack,North America,2392.65,1,1652.14
2024-02-26,Premium Support,Middle East,494.76,1,92.57
2024-02-26,IT Consulting,North America,6173.16,2,3584.3
2024-02-27,Analytics License,North America,1557.96,2,512.11
2024-02-27,CRM Software,North America,1226.59,1,335.66
2024-02-27,CRM Software,Europe,2543.78,2,780.98
2024-02-28,Training,North America,531.96,1,221.35
2024-02-28,IT Consulting,Middle East,3066.12,1,1597.61
2024-02-28,Hardware Pack,Europe,2443.51,1,1716.76
2024-02-29,Training,Asia-Pacific,1716.75,3,622.87
2024-02-29,Training,LATAM,1142.82,2,479.76
2024-03-01,Analytics License,North America,788.19,1,301.16
2024-03-01,Analytics License,Europe,698.13,1,250.11
2024-03-01,Training,North America,1137.3,2,426.87
2024-03-02,Training,North America,1535.4,3,661.13
2024-03-02,Premium Support,North America,478.97,1,98.16
2024-03-02,Premium Support,LATAM,821.92,2,166.24
2024-03-02,Training,North America,1228.66,2,444.5
2024-03-02,IT Consulting,Middle East,15638.56,4,8863.16
2024-03-03,CRM Software,Middle East,2405.1,2,741.43
2024-03-03,Analytics License,Europe,1471.12,2,533.57
2024-03-03,Training,LATAM,1623.6,3,647.6
2024-03-03,Hardware Pack,North America,2392.33,1,1684.33
2024-03-05,CRM Software,LATAM,1297.74,1,401.15
2024-03-05,IT Consulting,North America,3707.6,1,1983.76
2024-03-05,Premium Support,North America,509.74,1,92.63
2024-03-06,Training,LATAM,1143.62,2,413.45
2024-03-07,CRM Software,LATAM,1271.76,1,368.6
2024-03-07,Premium Support,North America,398.12,1,72.1
2024-03-07,Hardware Pack,Europe,4431.24,2,2776.11
2024-03-07,Training,North America,1250.14,2,535.41
2024-03-07,Premium Support,Asia-Pacific,514.39,1,96.44
2024-03-08,CRM Software,North America,1347.68,1,376.36
2024-03-08,IT Consulting,North America,11768.7,3,6505.02
2024-03-09,Training,North America,1271.78,2,469.24
2024-03-09,Premium Support,LATAM,1507.5,3,316.32
2024-03-10,Hardware Pack,North America,2122.7,1,1440.21
2024-03-10,Hardware Pack,North America,4667.48,2,2770.84
2024-03-11,Hardware Pack,North America,4700.0,2,3136.72
2024-03-11,Hardware Pack,Europe,2237.89,1,1514.85
2024-03-11,IT Consulting,North America,4008.45,1,2158.66
2024-03-11,Analytics License,Europe,1573.42,2,498.61
2024-03-12,CRM Software,LATAM,1180.61,1,366.34
2024-03-12,IT Consulting,North America,3945.53,1,2053.03
2024-03-13,CRM Software,Asia-Pacific,1277.54,1,419.54
2024-03-13,Analytics License,LATAM,2901.8,4,915.09
2024-03-13,IT Consulting,North America,3444.56,1,2019.48
2024-03-14,Hardware Pack,North America,8575.12,4,5464.95
2024-03-14,Hardware Pack,Europe,2074.38,1,1466.42
2024-03-14,Hardware Pack,Europe,2144.73,1,1354.08
2024-03-14,Hardware Pack,Europe,4078.9,2,2812.53
2024-03-14,Hardware Pack,Asia-Pacific,4979.04,2,3139.19
2024-03-15,IT Consulting,North America,3923.38,1,1952.7
2024-03-15,Hardware Pack,North America,2236.09,1,1525.49
2024-03-15,IT Consulting,Europe,3570.24,1,1905.33
2024-03-15,CRM Software,LATAM,2100.32,2,648.12
2024-03-16,CRM Software,Europe,1129.06,1,355.29
2024-03-16,Hardware Pack,LATAM,1944.78,1,1181.16
2024-03-16,Hardware Pack,LATAM,4289.32,2,2795.78
2024-03-16,Hardware Pack,LATAM,4510.78,2,2760.19
2024-03-17,Premium Support,Europe,388.62,1,75.39
2024-03-18,Analytics License,North America,1663.3,2,585.3
2024-03-18,Training,North America,1359.26,2,575.04
2024-03-19,CRM Software,LATAM,1245.17,1,347.77
2024-03-19,IT Consulting,Asia-Pacific,11898.36,3,6892.02
2024-03-19,Hardware Pack,North America,2300.63,1,1361.64
2024-03-20,Premium Support,LATAM,829.98,2,174.08
2024-03-20,Training,LATAM,513.6,1,187.46
2024-03-20,IT Consulting,Asia-Pacific,3847.17,1,2146.13
2024-03-20,CRM Software,Middle East,1191.55,1,374.47
2024-03-20,IT Consulting,LATAM,3587.59,1,1959.05
2024-03-20,CRM Software,Asia-Pacific,5321.12,4,1616.86
2024-03-22,IT Consulting,Europe,3758.0,1,2201.64
2024-03-23,IT Consulting,Europe,3279.77,1,1826.22
2024-03-23,CRM Software,North America,4924.56,4,1485.07
2024-03-24,Hardware Pack,North America,2199.41,1,1318.15
2024-03-24,Hardware Pack,LATAM,2028.39,1,1373.86
2024-03-24,Hardware Pack,LATAM,1880.51,1,1250.73
2024-03-25,Hardware Pack,LATAM,2208.7,1,1347.92
2024-03-25,Premium Support,Asia-Pacific,485.14,1,101.34
2024-03-25,Analytics License,Europe,2628.39,3,830.46
2024-03-25,IT Consulting,Europe,3093.49,1,1734.23
2024-03-25,Premium Support,LATAM,508.47,1,100.46
2024-03-25,IT Consulting,Asia-Pacific,3394.64,1,2047.36
2024-03-25,Training,LATAM,689.64,1,295.61
2024-03-26,Hardware Pack,Europe,10083.55,5,6171.67
2024-03-26,IT Consulting,LATAM,7752.06,2,4505.61
2024-03-27,Hardware Pack,North America,2302.9,1,1406.72
2024-03-28,Hardware Pack,LATAM,4743.76,2,3091.41
2024-03-29,Training,LATAM,529.3,1,208.48
2024-03-29,Premium Support,LATAM,1194.03,3,215.11
2024-03-30,Training,North America,1128.64,2,487.55
2024-03-30,CRM Software,LATAM,1244.88,1,342.18
2024-03-31,Premium Support,North America,894.68,2,184.72
2024-03-31,Hardware Pack,LATAM,2192.16,1,1514.12
2024-03-31,Training,Asia-Pacific,1085.84,2,411.09
2024-03-31,Analytics License,Middle East,899.33,1,345.05
2024-04-01,Premium Support,LATAM,416.89,1,80.91
2024-04-01,Hardware Pack,Europe,4016.44,2,2630.05
2024-04-01,IT Consulting,Europe,3820.77,1,1923.56
2024-04-01,IT Consulting,Asia-Pacific,3433.6,1,1874.88
2024-04-01,Hardware Pack,North America,2304.25,1,1565.9
2024-04-01,CRM Software,North America,1207.78,1,383.67
2024-04-01,Hardware Pack,Asia-Pacific,6292.68,3,4059.03
2024-04-02,Hardware Pack,Europe,2199.32,1,1377.6
2024-04-02,IT Consulting,Asia-Pacific,3740.89,1,2082.06
2024-04-03,Premium Support,Asia-Pacific,1237.83,3,266.04
2024-04-03,Hardware Pack,Asia-Pacific,7677.52,4,4928.96
2024-04-03,Analytics License,North America,830.59,1,315.34
2024-04-03,Training,LATAM,1932.39,3,707.48
2024-04-03,Training,North America,1026.36,2,411.94
2024-04-04,Analytics License,Asia-Pacific,778.57,1,289.81
2024-04-04,Training,LATAM,1144.42,2,486.68
2024-04-04,Training,Europe,1141.68,2,475.44
2024-04-04,Premium Support,North America,483.83,1,91.66
2024-04-05,Training,LATAM,527.04,1,191.12
2024-04-05,Analytics License,LATAM,3592.0,4,1283.49
2024-04-06,Hardware Pack,Europe,8284.16,4,5131.1
2024-04-06,Hardware Pack,LATAM,2189.67,1,1284.76
2024-04-06,IT Consulting,LATAM,10242.63,3,5418.71
2024-04-07,Analytics License,LATAM,3222.28,4,1076.32
2024-04-07,Hardware Pack,North America,2090.22,1,1328.13
2024-04-07,Hardware Pack,LATAM,9364.2,4,6474.02
2024-04-07,CRM Software,Asia-Pacific,1363.64,1,443.33
2024-04-07,IT Consulting,Europe,12450.44,4,7255.04
2024-04-07,Analytics License,LATAM,875.22,1,332.32
2024-04-08,Training,Europe,1123.24,2,454.65
2024-04-08,IT Consulting,LATAM,6482.1,2,3846.86
2024-04-08,Analytics License,North America,1721.8,2,617.34
2024-04-08,IT Consulting,Asia-Pacific,10756.17,3,5417.69
2024-04-08,IT Consulting,Europe,6534.08,2,3336.62
2024-04-09,Training,LATAM,522.79,1,222.43
2024-04-09,IT Consulting,LATAM,3088.56,1,1814.94
2024-04-09,CRM Software,Europe,1181.88,1,343.59
2024-04-09,Hardware Pack,Asia-Pacific,1879.61,1,1160.02
2024-04-09,IT Consulting,LATAM,3921.66,1,2034.06
2024-04-10,Premium Support,North America,399.93,1,83.86
2024-04-10,Analytics License,Middle East,773.77,1,279.8
2024-04-10,Analytics License,Europe,842.93,1,279.5
2024-04-10,Analytics License,Europe,879.61,1,305.6
2024-04-10,IT Consulting,Europe,12894.2,4,7634.5
2024-04-10,Training,Europe,605.64,1,237.21
2024-04-10,Analytics License,Middle East,720.06,1,239.1
2024-04-11,IT Consulting,North America,3610.68,1,1959.33
2024-04-11,Hardware Pack,LATAM,1936.62,1,1183.03
2024-04-11,Analytics License,North America,1750.32,2,582.9
2024-04-11,CRM Software,North America,1140.84,1,359.32
2024-04-12,Analytics License,Europe,3438.95,5,1139.98
2024-04-12,Hardware Pack,North America,2462.84,1,1689.47
2024-04-12,Analytics License,Asia-Pacific,701.01,1,234.7
2024-04-12,IT Consulting,Europe,3006.94,1,1728.86
2024-04-12,IT Consulting,Middle East,7886.6,2,4027.05
2024-04-12,CRM Software,North America,2299.04,2,676.72
2024-04-13,CRM Software,LATAM,3544.2,3,1060.97
2024-04-14,Premium Support,North America,482.15,1,103.31
2024-04-15,Analytics License,LATAM,867.43,1,297.42
2024-04-15,CRM Software,Europe,1081.95,1,349.17
2024-04-15,Premium Support,Europe,456.66,1,91.94
2024-04-16,Hardware Pack,Europe,6049.35,3,4100.87
2024-04-16,Training,Europe,2712.16,4,1150.25
2024-04-17,CRM Software,Asia-Pacific,1140.9,1,343.22
2024-04-18,Analytics License,North America,733.67,1,275.12
2024-04-18,Analytics License,LATAM,1714.68,2,543.63
2024-04-19,Training,Europe,1118.68,2,476.8
2024-04-19,CRM Software,LATAM,1233.89,1,386.4
2024-04-19,CRM Software,Europe,1366.71,1,444.25
2024-04-20,Training,LATAM,594.06,1,246.45
2024-04-20,Hardware Pack,Europe,4122.86,2,2519.85
2024-04-20,Training,North America,1158.8,2,464.14
2024-04-21,Hardware Pack,Europe,2254.96,1,1534.54
2024-04-21,Training,Europe,1062.62,2,400.56
2024-04-21,IT Consulting,North America,18328.25,5,10210.37
2024-04-22,CRM Software,North America,4546.32,4,1407.85
2024-04-23,CRM Software,North America,1148.25,1,322.24
2024-04-23,IT Consulting,North America,6166.1,2,3547.45
2024-04-23,Analytics License,LATAM,859.91,1,314.67
2024-04-24,Training,LATAM,533.01,1,216.71
2024-04-24,Training,Europe,653.95,1,241.87
2024-04-24,Training,Europe,1150.18,2,451.46
2024-04-24,IT Consulting,Europe,3191.91,1,1689.99
2024-04-25,Hardware Pack,North America,2280.01,1,1348.06
2024-04-25,CRM Software,Europe,1184.02,1,367.86
2024-04-25,IT Consulting,LATAM,7494.48,2,3775.73
2024-04-25,Hardware Pack,Asia-Pacific,9265.04,4,6513.39
2024-04-25,CRM Software,LATAM,2171.52,2,604.5
2024-04-26,IT Consulting,Europe,6542.02,2,3500.11
2024-04-26,Hardware Pack,LATAM,4917.3,2,3072.26
2024-04-26,IT Consulting,LATAM,2990.1,1,1744.21
2024-04-26,Analytics License,LATAM,1570.56,2,498.99
2024-04-27,Hardware Pack,Middle East,4418.58,2,3032.55
2024-04-27,Hardware Pack,North America,2395.66,1,1571.84
2024-04-27,Training,North America,1102.94,2,457.52
2024-04-27,CRM Software,North America,1032.39,1,318.08
2024-04-27,Analytics License,LATAM,704.6,1,248.36
2024-04-28,Premium Support,Asia-Pacific,1000.3,2,189.56
2024-04-28,CRM Software,North America,2731.36,2,845.68
2024-04-29,Analytics License,LATAM,832.29,1,298.36
2024-04-29,Training,LATAM,546.76,1,197.57
2024-04-29,Analytics License,LATAM,884.72,1,336.18
2024-04-29,Analytics License,North America,2904.64,4,1060.82
2024-04-30,IT Consulting,North America,7212.9,2,3839.53
2024-04-30,Hardware Pack,LATAM,2419.91,1,1549.91
2024-04-30,Premium Support,Asia-Pacific,486.79,1,101.3
2024-05-01,IT Consulting,LATAM,10015.53,3,5677.97
2024-05-01,CRM Software,LATAM,2720.76,2,837.8
2024-05-01,Analytics License,North America,860.01,1,302.91
2024-05-01,CRM Software,Asia-Pacific,2072.72,2,640.05
2024-05-01,Analytics License,Asia-Pacific,3299.64,4,1238.75
2024-05-01,Premium Support,LATAM,931.06,2,174.13
2024-05-02,Premium Support,Europe,474.3,1,89.22
2024-05-02,Training,North America,587.16,1,240.9
2024-05-02,Training,LATAM,1335.84,2,511.93
2024-05-03,Hardware Pack,North America,1883.7,1,1288.29
2024-05-03,IT Consulting,Europe,3311.03,1,1812.49
2024-05-03,Training,North America,541.68,1,232.54
2024-05-03,Hardware Pack,North America,7756.76,4,4807.89
2024-05-03,CRM Software,North America,2474.18,2,759.92
2024-05-04,Hardware Pack,LATAM,2489.67,1,1745.8
2024-05-04,Analytics License,Asia-Pacific,789.82,1,275.08
2024-05-04,Analytics License,North America,2504.34,3,839.4
2024-05-04,Analytics License,Asia-Pacific,1594.5,2,560.78
2024-05-05,Hardware Pack,North America,7613.32,4,4995.48
2024-05-06,Hardware Pack,LATAM,2445.93,1,1458.57
2024-05-06,Premium Support,North America,866.8,2,189.48
2024-05-06,Premium Support,Asia-Pacific,880.04,2,177.7
2024-05-06,Training,Europe,679.48,1,287.24
2024-05-06,Analytics License,LATAM,820.47,1,273.17
2024-05-07,Training,North America,577.72,1,250.76
2024-05-07,Premium Support,North America,428.3,1,85.63
2024-05-07,Training,LATAM,578.77,1,209.66
2024-05-08,IT Consulting,LATAM,13972.88,4,7613.72
2024-05-09,Analytics License,North America,895.82,1,342.52
2024-05-09,Hardware Pack,Middle East,2516.31,1,1699.84
2024-05-09,Training,Europe,1300.62,2,548.05
2024-05-10,Hardware Pack,LATAM,2277.36,1,1594.21
2024-05-10,Premium Support,North America,411.61,1,87.49
2024-05-10,Premium Support,North America,2563.55,5,491.12
2024-05-10,CRM Software,Europe,2186.7,2,624.61
2024-05-11,Premium Support,LATAM,1208.52,3,258.7
2024-05-11,Analytics License,North America,729.13,1,258.59
2024-05-11,Hardware Pack,Europe,2499.67,1,1501.91
2024-05-11,IT Consulting,LATAM,6213.72,2,3599.05
2024-05-11,CRM Software,Europe,1299.64,1,414.97
2024-05-12,CRM Software,North America,1063.0,1,326.7
2024-05-13,Training,LATAM,2720.16,4,1111.99
2024-05-13,CRM Software,Europe,2172.32,2,629.33
2024-05-13,Hardware Pack,LATAM,8841.4,4,5743.75
2024-05-13,Premium Support,LATAM,1747.2,4,347.26
2024-05-14,IT Consulting,Europe,3769.77,1,2151.8
2024-05-14,Premium Support,Europe,1536.09,3,289.87
2024-05-14,IT Consulting,North America,3892.57,1,1932.35
2024-05-14,IT Consulting,Europe,11756.19,3,6534.59
2024-05-14,CRM Software,North America,1356.74,1,404.26
2024-05-14,Premium Support,Europe,445.14,1,84.83
2024-05-14,IT Consulting,LATAM,3965.33,1,2066.28
2024-05-15,CRM Software,North America,1163.69,1,331.11
2024-05-15,Analytics License,North America,730.17,1,265.57
2024-05-15,IT Consulting,LATAM,3521.08,1,1945.1
2024-05-16,Hardware Pack,North America,2272.63,1,1442.49
2024-05-16,IT Consulting,LATAM,3608.35,1,1993.96
2024-05-16,Analytics License,Middle East,911.65,1,314.49
2024-05-16,IT Consulting,Asia-Pacific,10322.49,3,6152.85
2024-05-17,Training,LATAM,608.4,1,247.03
2024-05-17,Premium Support,LATAM,446.62,1,81.38
2024-05-17,CRM Software,Europe,1315.4,1,355.72
2024-05-17,Analytics License,Europe,746.75,1,244.87
2024-05-18,Hardware Pack,Asia-Pacific,2327.91,1,1529.11
2024-05-18,Premium Support,Asia-Pacific,389.64,1,81.06
2024-05-18,Analytics License,North America,4014.75,5,1296.76
2024-05-18,Hardware Pack,North America,6253.35,3,4216.94
2024-05-19,CRM Software,Europe,1307.0,1,409.68
2024-05-19,Training,LATAM,608.78,1,257.94
2024-05-19,IT Consulting,Asia-Pacific,3275.39,1,1881.73
2024-05-19,CRM Software,Europe,3746.1,3,1020.79
2024-05-20,Training,LATAM,530.81,1,207.59
2024-05-21,IT Consulting,LATAM,3086.73,1,1806.95
2024-05-21,IT Consulting,LATAM,4012.95,1,1997.55
2024-05-21,Training,Europe,683.32,1,255.59
2024-05-22,Training,North America,602.41,1,264.54
2024-05-22,Premium Support,North America,1031.28,2,202.74
2024-05-24,Analytics License,Europe,1585.26,2,548.52
2024-05-24,Analytics License,North America,709.25,1,244.06
2024-05-24,IT Consulting,LATAM,5980.72,2,3096.8
2024-05-24,IT Consulting,LATAM,8035.18,2,4664.82
2024-05-25,Hardware Pack,LATAM,2514.28,1,1694.25
2024-05-26,Analytics License,LATAM,736.4,1,274.76
2024-05-26,Training,Europe,575.32,1,234.78
2024-05-27,CRM Software,LATAM,2159.58,2,590.75
2024-05-27,Hardware Pack,North America,7513.98,3,5152.79
2024-05-27,CRM Software,LATAM,5174.55,5,1697.61
2024-05-27,CRM Software,LATAM,1082.73,1,349.21
2024-05-27,Analytics License,Europe,814.87,1,274.63
2024-05-27,IT Consulting,North America,3388.84,1,1902.38
2024-05-28,Hardware Pack,North America,2469.85,1,1696.97
2024-05-28,Analytics License,LATAM,2330.01,3,892.2
2024-05-28,Analytics License,North America,756.33,1,277.92
2024-05-28,Analytics License,Europe,767.06,1,270.98
2024-05-28,IT Consulting,Europe,3518.07,1,2069.68
2024-05-29,CRM Software,LATAM,1329.98,1,395.9
2024-05-29,CRM Software,North America,3298.38,3,921.92
2024-05-29,IT Consulting,Middle East,6110.8,2,3307.68
2024-05-29,Hardware Pack,North America,2415.11,1,1558.24
2024-05-30,Analytics License,LATAM,720.74,1,231.86
2024-05-30,Hardware Pack,North America,2076.05,1,1410.19
2024-05-30,Analytics License,Europe,4276.3,5,1493.67
2024-05-31,Analytics License,LATAM,1633.36,2,613.8
2024-06-01,IT Consulting,North America,7048.64,2,4167.1
2024-06-01,Hardware Pack,LATAM,4004.94,2,2801.14
2024-06-01,Training,North America,646.66,1,264.86
2024-06-01,Training,Europe,556.87,1,237.82
2024-06-01,Analytics License,North America,2104.5,3,768.3
2024-06-02,Training,LATAM,590.02,1,236.23
2024-06-02,CRM Software,Middle East,5361.44,4,1710.68
2024-06-02,Analytics License,LATAM,779.46,1,296.59
2024-06-03,Training,LATAM,1158.64,2,496.34
2024-06-03,Analytics License,LATAM,761.94,1,263.95
2024-06-03,IT Consulting,North America,6730.62,2,3344.77
2024-06-03,Analytics License,North America,732.3,1,231.45
2024-06-04,Analytics License,LATAM,742.57,1,260.85
2024-06-04,CRM Software,LATAM,4068.27,3,1326.08
2024-06-04,IT Consulting,North America,3137.76,1,1782.53
2024-06-05,CRM Software,Asia-Pacific,2620.04,2,754.52
2024-06-05,Hardware Pack,Asia-Pacific,6942.21,3,4509.94
2024-06-05,Premium Support,Europe,837.12,2,181.18
2024-06-05,Hardware Pack,LATAM,4426.56,2,2940.98
2024-06-05,Hardware Pack,North America,8271.84,4,4859.64
2024-06-06,CRM Software,North America,1262.22,1,380.97
2024-06-06,CRM Software,LATAM,1215.83,1,345.17
2024-06-06,IT Consulting,Europe,6172.3,2,3648.03
2024-06-06,CRM Software,LATAM,1333.09,1,397.71
2024-06-06,Analytics License,Asia-Pacific,880.82,1,287.55
2024-06-07,Training,LATAM,590.55,1,257.72
2024-06-07,CRM Software,LATAM,1283.12,1,400.39
2024-06-07,Training,Europe,595.05,1,232.22
2024-06-08,Training,North America,568.7,1,207.96
2024-06-08,IT Consulting,LATAM,3264.75,1,1878.57
2024-06-08,CRM Software,LATAM,1179.46,1,358.19
2024-06-08,Training,Asia-Pacific,598.03,1,256.41
2024-06-09,Hardware Pack,Asia-Pacific,2207.68,1,1293.03
2024-06-09,Training,LATAM,616.6,1,256.55
2024-06-09,Training,LATAM,1289.22,2,479.65
2024-06-09,Premium Support,LATAM,2478.55,5,526.3
2024-06-09,Premium Support,LATAM,443.26,1,96.2
2024-06-10,Training,North America,2671.55,5,994.2
2024-06-10,Training,LATAM,1939.92,3,811.28
2024-06-10,IT Consulting,Europe,3362.86,1,1723.63
2024-06-11,CRM Software,North America,2608.1,2,722.83
2024-06-11,CRM Software,North America,5513.52,4,1637.61
2024-06-11,Hardware Pack,Europe,7626.36,4,5287.31
2024-06-11,IT Consulting,Middle East,10470.9,3,5651.37
2024-06-12,IT Consulting,North America,7375.68,2,4278.1
2024-06-12,Hardware Pack,Middle East,7603.52,4,4764.02
2024-06-13,Hardware Pack,Asia-Pacific,6482.34,3,3903.75
2024-06-13,Analytics License,Asia-Pacific,760.64,1,264.4
2024-06-13,CRM Software,LATAM,1198.03,1,332.22
2024-06-13,Analytics License,LATAM,2579.97,3,958.09
2024-06-13,Hardware Pack,Asia-Pacific,7317.72,3,4581.48
2024-06-14,Premium Support,LATAM,1028.18,2,219.03
2024-06-14,Premium Support,LATAM,905.86,2,170.78
2024-06-14,Hardware Pack,North America,2282.72,1,1339.05
2024-06-15,Analytics License,LATAM,858.57,1,313.18
2024-06-15,CRM Software,North America,1138.28,1,311.06
2024-06-15,Training,LATAM,1646.67,3,699.42
2024-06-15,CRM Software,North America,1111.3,1,342.86
2024-06-15,Premium Support,Europe,462.7,1,94.2
2024-06-15,Premium Support,LATAM,481.37,1,104.44
2024-06-15,Training,Europe,540.43,1,209.76
2024-06-16,CRM Software,North America,1165.53,1,384.15
2024-06-16,IT Consulting,North America,3908.46,1,2003.75
2024-06-17,Training,Asia-Pacific,1723.74,3,707.58
2024-06-17,Training,LATAM,2003.82,3,845.32
2024-06-18,IT Consulting,North America,6666.02,2,3890.3
2024-06-18,Premium Support,North America,980.28,2,187.01
2024-06-18,Analytics License,North America,680.65,1,254.9
2024-06-18,Premium Support,LATAM,856.94,2,181.84
2024-06-19,Analytics License,North America,767.27,1,246.99
2024-06-19,Hardware Pack,North America,3918.66,2,2393.1
2024-06-19,Premium Support,LATAM,2277.7,5,499.71
2024-06-20,Training,Asia-Pacific,2105.64,4,806.19
2024-06-20,Training,LATAM,563.73,1,233.27
2024-06-20,CRM Software,LATAM,1255.7,1,401.1
2024-06-21,Hardware Pack,Asia-Pacific,2253.6,1,1528.76
2024-06-21,Premium Support,LATAM,392.26,1,79.64
2024-06-21,CRM Software,North America,1220.28,1,331.61
2024-06-22,Hardware Pack,North America,4507.66,2,3055.79
2024-06-22,IT Consulting,LATAM,3341.31,1,1993.25
2024-06-23,Hardware Pack,North America,2528.89,1,1657.38
2024-06-23,Analytics License,LATAM,812.96,1,273.04
2024-06-23,Premium Support,Europe,451.73,1,87.51
2024-06-23,Analytics License,North America,722.69,1,245.44
2024-06-23,CRM Software,Asia-Pacific,1152.97,1,357.22
2024-06-23,Analytics License,LATAM,914.49,1,322.94
2024-06-24,IT Consulting,North America,3381.03,1,1979.0
2024-06-24,Hardware Pack,Middle East,5954.43,3,3519.1
2024-06-24,Analytics License,LATAM,2692.32,3,950.15
2024-06-25,Analytics License,North America,1663.96,2,576.6
2024-06-26,Analytics License,North America,850.15,1,321.72
2024-06-26,Analytics License,Asia-Pacific,788.56,1,257.75
2024-06-27,Training,North America,528.08,1,211.62
2024-06-27,Analytics License,Europe,3523.76,4,1141.4
2024-06-27,Hardware Pack,Europe,4101.66,2,2715.7
2024-06-27,CRM Software,Europe,5197.32,4,1443.17
2024-06-28,Training,Middle East,642.06,1,274.29
2024-06-28,Analytics License,North America,695.34,1,222.65
2024-06-28,Premium Support,North America,495.53,1,99.96
2024-06-29,CRM Software,LATAM,2534.66,2,784.44
2024-06-29,Hardware Pack,Europe,2222.88,1,1548.54
2024-06-29,Analytics License,North America,1541.76,2,588.66
2024-06-30,Hardware Pack,North America,1940.12,1,1178.77
2024-06-30,Analytics License,North America,695.79,1,262.59
2024-06-30,Analytics License,North America,886.9,1,285.92
2024-06-30,Premium Support,LATAM,505.57,1,109.77
2024-06-30,IT Consulting,LATAM,3530.73,1,1974.68
2024-07-01,Analytics License,North America,1669.88,2,630.29
2024-07-01,Premium Support,Europe,1332.39,3,247.79
2024-07-02,Premium Support,North America,472.54,1,87.0
2024-07-02,IT Consulting,LATAM,6763.64,2,3990.43
2024-07-03,Analytics License,LATAM,804.86,1,255.62
2024-07-03,Training,LATAM,658.09,1,253.31
2024-07-04,Analytics License,Europe,763.29,1,269.68
2024-07-04,Premium Support,LATAM,440.68,1,84.69
2024-07-04,Hardware Pack,North America,2235.17,1,1458.8
2024-07-04,Hardware Pack,North America,2454.71,1,1683.29
2024-07-04,Training,North America,1320.16,2,543.12
2024-07-06,CRM Software,LATAM,1291.29,1,364.43
2024-07-06,Hardware Pack,Middle East,2312.04,1,1473.48
2024-07-07,IT Consulting,Asia-Pacific,3603.52,1,2042.56
2024-07-07,Training,LATAM,1082.42,2,452.43
2024-07-08,Premium Support,North America,516.96,1,109.61
2024-07-09,Analytics License,Asia-Pacific,2562.21,3,871.73
2024-07-09,IT Consulting,Asia-Pacific,3699.63,1,2172.12
2024-07-09,Training,North America,3204.15,5,1354.66
2024-07-10,IT Consulting,Asia-Pacific,11871.6,3,7155.94
2024-07-10,Training,LATAM,1225.84,2,483.87
2024-07-10,Hardware Pack,LATAM,4672.76,2,2961.05
2024-07-13,Hardware Pack,North America,1929.28,1,1193.04
2024-07-13,IT Consulting,Asia-Pacific,3965.97,1,2072.61
2024-07-14,Hardware Pack,Europe,2284.31,1,1528.59
2024-07-15,Analytics License,Europe,887.52,1,286.94
2024-07-15,Analytics License,LATAM,1425.86,2,542.73
2024-07-16,Analytics License,Europe,869.93,1,315.47
2024-07-16,Training,Europe,652.01,1,275.13
2024-07-16,Training,North America,512.64,1,222.33
2024-07-17,Training,North America,632.88,1,239.77
2024-07-17,Training,Europe,1130.84,2,450.27
2024-07-17,Hardware Pack,LATAM,9529.92,4,6332.38
2024-07-18,Analytics License,LATAM,888.36,1,298.32
2024-07-19,Training,LATAM,634.45,1,241.69
2024-07-20,IT Consulting,Asia-Pacific,17258.1,5,9505.24
2024-07-20,IT Consulting,Europe,9053.94,3,4531.16
2024-07-20,Analytics License,Asia-Pacific,2100.66,3,714.07
2024-07-21,CRM Software,North America,1116.04,1,309.33
2024-07-21,Hardware Pack,Asia-Pacific,1961.9,1,1303.8
2024-07-22,Training,North America,626.08,1,226.57
2024-07-23,Training,Europe,533.93,1,219.49
2024-07-23,Analytics License,LATAM,2327.01,3,873.57
2024-07-23,Premium Support,LATAM,517.43,1,106.02
2024-07-25,IT Consulting,Asia-Pacific,3444.93,1,1981.87
2024-07-25,Hardware Pack,Europe,2295.21,1,1633.39
2024-07-25,CRM Software,Middle East,1181.74,1,385.76
2024-07-26,Premium Support,Europe,945.02,2,189.42
2024-07-26,CRM Software,Asia-Pacific,1121.61,1,322.89
2024-07-26,Training,Asia-Pacific,2076.6,4,891.04
2024-07-26,Hardware Pack,Europe,1901.74,1,1185.61
2024-07-27,IT Consulting,LATAM,3834.22,1,2186.14
2024-07-29,Analytics License,Europe,1610.34,2,521.31
2024-07-29,Analytics License,North America,793.93,1,264.45
2024-07-29,Analytics License,North America,1483.32,2,550.4
2024-07-31,Premium Support,Asia-Pacific,391.91,1,84.55
2024-08-01,Hardware Pack,Asia-Pacific,3781.6,2,2272.02
2024-08-02,CRM Software,Europe,2713.32,2,793.78
2024-08-02,Analytics License,LATAM,815.78,1,257.85
2024-08-03,Premium Support,Europe,1542.57,3,306.92
2024-08-04,IT Consulting,LATAM,3070.94,1,1626.46
2024-08-04,CRM Software,North America,1133.06,1,339.86
2024-08-04,CRM Software,North America,2621.56,2,847.17
2024-08-04,CRM Software,LATAM,4877.12,4,1404.39
2024-08-04,Training,North America,633.43,1,274.16
2024-08-05,Hardware Pack,LATAM,6603.6,3,4238.81
2024-08-05,CRM Software,LATAM,4626.08,4,1479.8
2024-08-05,Hardware Pack,LATAM,3865.72,2,2275.25
2024-08-05,Premium Support,North America,1020.0,2,192.26
2024-08-05,Training,LATAM,631.64,1,258.65
2024-08-06,Hardware Pack,North America,7323.27,3,4858.04
2024-08-06,IT Consulting,Europe,3740.94,1,2087.65
2024-08-07,Training,Europe,1023.8,2,400.85
2024-08-07,Hardware Pack,Europe,4203.02,2,2913.74
2024-08-08,Premium Support,Asia-Pacific,2145.25,5,415.09
2024-08-08,Training,North America,549.29,1,200.15
2024-08-09,CRM Software,North America,1115.53,1,338.3
2024-08-09,Analytics License,LATAM,748.75,1,263.01
2024-08-09,Training,North America,2552.04,4,920.12
2024-08-09,IT Consulting,North America,18172.65,5,10855.81
2024-08-09,IT Consulting,LATAM,3853.32,1,1928.68
2024-08-10,Premium Support,LATAM,1963.1,5,370.87
2024-08-10,CRM Software,LATAM,1182.56,1,385.77
2024-08-11,Hardware Pack,Europe,6432.21,3,3999.94
2024-08-11,IT Consulting,Europe,3502.89,1,2057.39
2024-08-11,Premium Support,LATAM,490.51,1,105.65
2024-08-12,CRM Software,Asia-Pacific,1189.51,1,367.99
2024-08-13,Premium Support,Asia-Pacific,1300.59,3,285.15
2024-08-13,Premium Support,North America,429.81,1,93.06
2024-08-13,Hardware Pack,Europe,9397.44,4,5765.88
2024-08-13,CRM Software,LATAM,1309.03,1,372.8
2024-08-14,Training,Europe,1744.53,3,662.3
2024-08-14,Premium Support,LATAM,1443.69,3,300.13
2024-08-15,Analytics License,LATAM,2466.24,3,805.51
2024-08-16,IT Consulting,Europe,15014.72,4,7893.78
2024-08-16,Training,Asia-Pacific,583.89,1,217.83
2024-08-16,Training,Europe,519.98,1,210.25
2024-08-16,Analytics License,Middle East,907.47,1,311.05
2024-08-17,Analytics License,LATAM,1545.58,2,558.53
2024-08-17,Training,Europe,556.97,1,243.71
2024-08-17,IT Consulting,LATAM,3396.57,1,1977.63
2024-08-18,IT Consulting,LATAM,7324.12,2,4328.39
2024-08-18,Analytics License,LATAM,680.32,1,232.31
2024-08-18,CRM Software,Europe,2726.54,2,880.39
2024-08-18,Training,Europe,630.48,1,238.64
2024-08-19,Analytics License,Europe,2573.43,3,908.37
2024-08-19,Training,Asia-Pacific,592.39,1,217.79
2024-08-19,Training,Europe,1333.72,2,552.58
2024-08-20,Hardware Pack,LATAM,4191.02,2,2971.14
2024-08-20,Hardware Pack,Europe,8185.96,4,5653.31
2024-08-21,Hardware Pack,LATAM,2160.44,1,1468.8
2024-08-21,Premium Support,LATAM,982.56,2,209.3
2024-08-22,Premium Support,North America,876.08,2,162.12
2024-08-23,Analytics License,Europe,774.38,1,277.36
2024-08-23,Hardware Pack,North America,2392.68,1,1524.85
2024-08-23,Hardware Pack,LATAM,2070.17,1,1403.9
2024-08-23,Hardware Pack,LATAM,11448.5,5,7837.22
2024-08-24,Training,North America,540.14,1,214.44
2024-08-24,Hardware Pack,LATAM,1906.65,1,1256.29
2024-08-25,Premium Support,Europe,498.38,1,94.35
2024-08-25,CRM Software,LATAM,2617.46,2,731.94
2024-08-25,Premium Support,Middle East,463.8,1,89.46
2024-08-26,Hardware Pack,LATAM,2417.35,1,1636.23
2024-08-26,Premium Support,North America,403.29,1,83.97
2024-08-26,Premium Support,LATAM,1507.41,3,300.51
2024-08-27,Analytics License,North America,829.46,1,308.12
2024-08-27,Analytics License,North America,810.09,1,310.08
2024-08-27,Premium Support,Europe,456.71,1,97.88
2024-08-27,Hardware Pack,Middle East,9357.2,5,6250.87
2024-08-28,Hardware Pack,Europe,2197.39,1,1287.69
2024-08-28,Hardware Pack,LATAM,2456.39,1,1700.22
2024-08-28,Premium Support,Middle East,420.16,1,77.8
2024-08-28,IT Consulting,North America,16031.7,5,8117.71
2024-08-29,IT Consulting,LATAM,3684.4,1,1839.21
2024-08-30,Hardware Pack,Europe,2127.9,1,1288.72
2024-08-31,Premium Support,Asia-Pacific,502.81,1,90.78
2024-08-31,Premium Support,North America,1033.4,2,186.47
2024-08-31,Hardware Pack,North America,7181.97,3,4349.25
2024-09-01,IT Consulting,Asia-Pacific,3716.25,1,2045.45
2024-09-01,Premium Support,LATAM,437.43,1,82.6
2024-09-01,Hardware Pack,Europe,2410.37,1,1446.63
2024-09-02,IT Consulting,LATAM,12767.44,4,7352.17
2024-09-02,CRM Software,Asia-Pacific,1069.69,1,294.02
2024-09-02,Premium Support,LATAM,838.9,2,181.6
2024-09-03,Analytics License,LATAM,808.68,1,295.34
2024-09-03,Premium Support,LATAM,844.66,2,162.14
2024-09-03,Training,North America,1213.34,2,518.34
2024-09-03,IT Consulting,North America,3266.61,1,1629.88
2024-09-04,Hardware Pack,North America,3759.28,2,2375.3
2024-09-05,Analytics License,LATAM,1798.06,2,588.71
2024-09-05,Premium Support,Europe,1353.3,3,277.17
2024-09-05,IT Consulting,LATAM,12154.56,4,6932.88
2024-09-07,Analytics License,North America,2949.76,4,1058.04
2024-09-07,CRM Software,LATAM,1054.93,1,288.9
2024-09-08,Hardware Pack,LATAM,2071.76,1,1353.24
2024-09-08,CRM Software,LATAM,5400.6,4,1647.21
2024-09-09,Analytics License,Europe,1381.14,2,502.09
2024-09-09,Premium Support,North America,412.34,1,86.25
2024-09-10,CRM Software,LATAM,3116.79,3,861.06
2024-09-10,Hardware Pack,LATAM,9543.48,4,5972.14
2024-09-10,CRM Software,LATAM,1358.0,1,390.69
2024-09-10,Analytics License,North America,908.5,1,307.92
2024-09-11,IT Consulting,North America,6386.34,2,3574.09
2024-09-12,Analytics License,North America,789.29,1,271.55
2024-09-12,Hardware Pack,North America,1938.48,1,1208.46
2024-09-13,CRM Software,Europe,2461.16,2,703.83
2024-09-13,Training,LATAM,578.33,1,222.85
2024-09-13,Hardware Pack,North America,4818.3,2,3288.21
2024-09-14,Analytics License,LATAM,4321.6,5,1492.7
2024-09-14,Analytics License,Europe,3553.24,4,1243.56
2024-09-15,Hardware Pack,LATAM,2040.91,1,1427.08
2024-09-15,Analytics License,Europe,913.41,1,322.51
2024-09-15,Premium Support,Asia-Pacific,426.95,1,77.75
2024-09-16,Training,North America,678.28,1,278.75
2024-09-16,Premium Support,North America,442.55,1,95.58
2024-09-16,Analytics License,LATAM,887.0,1,293.88
2024-09-16,Training,North America,1575.21,3,615.71
2024-09-16,CRM Software,North America,2618.34,2,861.94
2024-09-17,Hardware Pack,Europe,4535.82,2,3039.22
2024-09-17,Analytics License,North America,916.59,1,288.74
2024-09-18,IT Consulting,North America,3176.55,1,1823.71
2024-09-19,CRM Software,North America,2257.88,2,671.94
2024-09-19,CRM Software,North America,2349.48,2,677.56
2024-09-19,CRM Software,LATAM,1168.72,1,329.53
2024-09-20,Analytics License,Middle East,806.11,1,260.1
2024-09-20,Premium Support,LATAM,1511.85,3,319.42
2024-09-20,IT Consulting,LATAM,3018.57,1,1705.73
2024-09-20,Premium Support,LATAM,890.56,2,191.44
2024-09-20,Premium Support,North America,446.08,1,89.08
2024-09-21,IT Consulting,LATAM,3206.34,1,1768.89
2024-09-21,IT Consulting,LATAM,3751.05,1,2140.04
2024-09-21,Analytics License,Asia-Pacific,758.27,1,250.56
2024-09-22,CRM Software,Europe,1282.31,1,386.85
2024-09-22,Analytics License,North America,1415.28,2,504.08
2024-09-22,Training,North America,528.5,1,197.54
2024-09-22,Analytics License,LATAM,1642.06,2,611.57
2024-09-22,Hardware Pack,LATAM,2123.41,1,1364.88
2024-09-23,CRM Software,North America,2617.62,2,767.24
2024-09-23,Analytics License,LATAM,2561.52,3,940.6
2024-09-23,Premium Support,LATAM,1571.92,4,335.06
2024-09-24,CRM Software,North America,1036.02,1,297.7
2024-09-24,IT Consulting,LATAM,3488.85,1,1891.85
2024-09-25,Hardware Pack,LATAM,2165.25,1,1325.91
2024-09-27,CRM Software,Middle East,1061.6,1,339.91
2024-09-27,Hardware Pack,LATAM,4145.14,2,2455.67
2024-09-27,Analytics License,LATAM,781.65,1,289.64
2024-09-27,Training,Europe,516.73,1,206.91
2024-09-28,IT Consulting,LATAM,10048.32,3,5262.84
2024-09-28,Analytics License,LATAM,1385.68,2,473.01
2024-09-28,CRM Software,North America,1203.8,1,384.3
2024-09-29,CRM Software,Europe,1023.44,1,280.95
2024-09-29,IT Consulting,Middle East,3340.17,1,1661.34
2024-09-30,IT Consulting,LATAM,3277.57,1,1840.13
2024-09-30,Training,LATAM,2057.46,3,807.3
2024-09-30,Training,North America,577.75,1,234.37
2024-09-30,Training,Asia-Pacific,680.12,1,282.75
2024-10-01,Training,Europe,1022.26,2,373.07
2024-10-01,Training,Europe,670.85,1,245.51
2024-10-01,IT Consulting,LATAM,3677.1,1,1947.74
2024-10-01,Training,Europe,514.47,1,185.37
2024-10-02,Training,LATAM,1667.46,3,663.39
2024-10-02,CRM Software,LATAM,4088.73,3,1289.06
2024-10-02,Premium Support,LATAM,437.68,1,86.29
2024-10-02,CRM Software,LATAM,4001.31,3,1180.79
2024-10-02,Training,LATAM,561.82,1,234.83
2024-10-02,Hardware Pack,North America,5035.24,2,3556.01
2024-10-02,Training,LATAM,589.88,1,225.68
2024-10-02,IT Consulting,Asia-Pacific,3276.6,1,1806.22
2024-10-02,Premium Support,LATAM,987.7,2,205.0
2024-10-03,Hardware Pack,North America,12099.55,5,7554.87
2024-10-03,CRM Software,North America,2220.78,2,686.28
2024-10-03,Hardware Pack,North America,2323.55,1,1605.39
2024-10-03,CRM Software,North America,1370.22,1,370.36
2024-10-03,Hardware Pack,Europe,4632.48,2,2793.37
2024-10-03,Premium Support,North America,474.98,1,98.94
2024-10-04,Training,Europe,549.62,1,209.03
2024-10-04,IT Consulting,North America,3173.75,1,1731.36
2024-10-04,Premium Support,LATAM,454.35,1,96.72
2024-10-04,Analytics License,North America,3556.4,4,1192.32
2024-10-04,Training,Asia-Pacific,565.09,1,206.31
2024-10-04,Hardware Pack,LATAM,4404.64,2,2611.13
2024-10-05,CRM Software,North America,1247.01,1,353.13
2024-10-05,Training,LATAM,569.76,1,240.74
2024-10-05,CRM Software,North America,1275.64,1,351.75
2024-10-05,Premium Support,Asia-Pacific,813.02,2,175.24
2024-10-05,CRM Software,Europe,2639.72,2,868.85
2024-10-05,Hardware Pack,North America,4947.76,2,3016.1
2024-10-05,Training,LATAM,680.51,1,256.18
2024-10-05,CRM Software,LATAM,2232.36,2,635.49
2024-10-05,Analytics License,LATAM,3387.8,4,1212.0
2024-10-05,Training,North America,549.29,1,203.48
2024-10-05,Premium Support,Europe,870.34,2,169.02
2024-10-05,Premium Support,Europe,509.52,1,95.44
2024-10-06,CRM Software,Asia-Pacific,3451.44,3,1110.74
2024-10-06,CRM Software,North America,3581.34,3,1134.02
2024-10-06,IT Consulting,Europe,16085.56,4,9201.7
2024-10-06,Hardware Pack,North America,2325.85,1,1541.06
2024-10-07,Training,Asia-Pacific,1101.46,2,475.45
2024-10-07,Hardware Pack,LATAM,1887.73,1,1197.69
2024-10-07,Premium Support,Asia-Pacific,499.43,1,99.87
2024-10-07,Premium Support,North America,449.91,1,82.9
2024-10-08,Training,LATAM,557.24,1,224.02
2024-10-08,Hardware Pack,LATAM,2034.67,1,1335.09
2024-10-08,Analytics License,Asia-Pacific,786.28,1,294.31
2024-10-08,Analytics License,Europe,763.25,1,263.7
2024-10-08,Training,LATAM,581.9,1,228.99
2024-10-09,CRM Software,Europe,2670.08,2,847.57
2024-10-09,Training,Asia-Pacific,2390.48,4,994.88
2024-10-09,Analytics License,Europe,837.0,1,299.94
2024-10-09,Analytics License,LATAM,2758.68,4,967.9
2024-10-09,IT Consulting,North America,10565.79,3,6007.91
2024-10-10,IT Consulting,Asia-Pacific,3628.08,1,2147.89
2024-10-10,IT Consulting,Europe,6797.06,2,3870.33
2024-10-10,Analytics License,North America,2298.0,3,870.72
2024-10-11,Hardware Pack,LATAM,6697.68,3,4727.71
2024-10-11,Training,LATAM,521.37,1,213.18
2024-10-11,Hardware Pack,Asia-Pacific,4963.2,2,3215.56
2024-10-11,IT Consulting,North America,7609.04,2,4032.62
2024-10-11,Analytics License,Europe,737.39,1,258.72
2024-10-12,Premium Support,Middle East,499.27,1,94.85
2024-10-12,CRM Software,Middle East,1146.07,1,356.02
2024-10-12,Premium Support,LATAM,411.97,1,90.46
2024-10-12,CRM Software,LATAM,1315.53,1,389.05
2024-10-12,Analytics License,LATAM,875.67,1,330.66
2024-10-12,IT Consulting,Asia-Pacific,6349.48,2,3506.8
2024-10-13,CRM Software,North America,1062.11,1,315.65
2024-10-13,Analytics License,North America,692.91,1,219.34
2024-10-13,Training,North America,522.48,1,212.26
2024-10-13,Premium Support,North America,496.55,1,90.96
2024-10-14,Training,North America,645.06,1,248.26
2024-10-14,Hardware Pack,North America,4716.38,2,3134.49
2024-10-14,CRM Software,LATAM,2336.06,2,723.72
2024-10-14,CRM Software,Europe,1261.21,1,375.97
2024-10-14,CRM Software,Asia-Pacific,3432.36,3,1007.12
2024-10-14,IT Consulting,LATAM,18056.1,5,9938.22
2024-10-16,Analytics License,LATAM,860.42,1,325.61
2024-10-16,Analytics License,North America,1643.28,2,566.26
2024-10-16,Analytics License,Europe,2350.29,3,772.92
2024-10-16,Hardware Pack,North America,4602.46,2,2807.5
2024-10-16,Training,Europe,1604.13,3,620.65
2024-10-17,IT Consulting,North America,7244.1,2,3970.61
2024-10-17,Analytics License,Middle East,696.8,1,255.06
2024-10-17,Analytics License,LATAM,2229.15,3,775.87
2024-10-17,IT Consulting,North America,3887.63,1,2151.05
2024-10-17,IT Consulting,North America,3297.32,1,1702.97
2024-10-18,Analytics License,Asia-Pacific,1839.88,2,672.93
2024-10-18,CRM Software,Europe,1377.69,1,386.43
2024-10-19,Hardware Pack,LATAM,2430.69,1,1450.07
2024-10-19,Premium Support,Asia-Pacific,990.86,2,206.27
2024-10-19,Premium Support,Europe,489.01,1,101.36
2024-10-19,CRM Software,Europe,1220.63,1,341.0
2024-10-20,CRM Software,LATAM,1035.29,1,322.06
2024-10-20,Hardware Pack,LATAM,2436.25,1,1656.77
2024-10-20,Hardware Pack,LATAM,2283.46,1,1421.12
2024-10-20,IT Consulting,LATAM,6566.96,2,3736.11
2024-10-20,CRM Software,LATAM,2679.9,2,733.49
2024-10-20,Analytics License,LATAM,1788.1,2,599.2
2024-10-20,Hardware Pack,Middle East,2044.97,1,1311.16
2024-10-20,Hardware Pack,LATAM,2348.09,1,1431.49
2024-10-20,Analytics License,North America,885.12,1,317.88
2024-10-20,Premium Support,North America,987.76,2,211.71
2024-10-20,Premium Support,LATAM,383.19,1,75.8
2024-10-20,CRM Software,LATAM,2057.36,2,569.86
2024-10-21,IT Consulting,LATAM,3112.03,1,1691.26
2024-10-21,Premium Support,North America,417.01,1,83.86
2024-10-22,Hardware Pack,LATAM,2434.1,1,1476.26
2024-10-22,Training,Europe,550.69,1,222.53
2024-10-22,Analytics License,LATAM,1476.08,2,508.98
2024-10-22,Analytics License,Europe,759.68,1,274.55
2024-10-22,Analytics License,North America,810.94,1,261.44
2024-10-22,Training,Asia-Pacific,600.21,1,234.5
2024-10-23,IT Consulting,LATAM,7762.24,2,4296.46
2024-10-23,IT Consulting,Europe,3935.93,1,2149.7
2024-10-23,Analytics License,North America,897.92,1,298.09
2024-10-23,CRM Software,North America,1163.27,1,379.1
2024-10-23,Premium Support,Europe,826.22,2,168.61
2024-10-23,Premium Support,Middle East,2514.4,5,538.0
2024-10-24,Hardware Pack,North America,4745.68,2,3258.36
2024-10-24,Training,North America,1290.06,2,511.57
2024-10-24,Training,North America,1753.47,3,659.89
2024-10-25,Training,North America,609.78,1,226.75
2024-10-25,IT Consulting,North America,6461.78,2,3416.01
2024-10-26,IT Consulting,North America,3913.27,1,2220.33
2024-10-26,IT Consulting,LATAM,3526.41,1,1823.01
2024-10-26,Training,North America,1665.99,3,709.54
2024-10-26,Hardware Pack,Europe,2374.75,1,1471.21
2024-10-26,Premium Support,LATAM,472.14,1,89.47
2024-10-27,CRM Software,North America,2561.46,2,767.3
2024-10-27,CRM Software,North America,1324.44,1,378.23
2024-10-27,Hardware Pack,Asia-Pacific,2331.8,1,1488.65
2024-10-27,Analytics License,LATAM,838.91,1,317.85
2024-10-27,CRM Software,Middle East,2055.62,2,632.87
2024-10-28,Hardware Pack,LATAM,8810.56,4,6241.37
2024-10-28,IT Consulting,Europe,19054.05,5,11011.54
2024-10-28,Analytics License,Europe,683.29,1,219.07
2024-10-28,Premium Support,Asia-Pacific,2412.25,5,445.59
2024-10-28,Premium Support,LATAM,454.61,1,94.35
2024-10-29,Training,LATAM,551.72,1,212.68
2024-10-29,Premium Support,Middle East,1859.92,4,334.88
2024-10-29,Analytics License,North America,785.88,1,258.52
2024-10-29,Premium Support,LATAM,414.14,1,76.59
2024-10-30,Training,Europe,515.94,1,225.11
2024-10-30,Premium Support,Middle East,457.75,1,100.31
2024-10-30,CRM Software,Europe,2406.02,2,792.81
2024-10-30,Analytics License,Asia-Pacific,713.53,1,260.51
2024-10-30,IT Consulting,North America,16060.05,5,8638.52
2024-10-31,Premium Support,Europe,417.74,1,89.83
2024-10-31,Hardware Pack,Middle East,1929.34,1,1177.13
2024-10-31,Hardware Pack,North America,2427.71,1,1438.85
2024-11-01,CRM Software,Europe,1289.03,1,351.74
2024-11-01,IT Consulting,Europe,3118.91,1,1839.67
2024-11-01,Hardware Pack,North America,2078.7,1,1444.38
2024-11-01,Training,Europe,1355.42,2,555.22
2024-11-01,Training,LATAM,1357.36,2,522.51
2024-11-01,Premium Support,LATAM,782.04,2,150.92
2024-11-02,Analytics License,North America,2158.53,3,742.66
2024-11-02,CRM Software,LATAM,1164.01,1,368.64
2024-11-02,Analytics License,LATAM,3642.2,5,1213.1
2024-11-02,IT Consulting,LATAM,3333.84,1,1717.52
2024-11-02,IT Consulting,Asia-Pacific,3268.62,1,1667.0
2024-11-03,IT Consulting,North America,3938.42,1,2286.49
2024-11-03,CRM Software,Asia-Pacific,2415.24,2,673.82
2024-11-03,IT Consulting,Middle East,3805.23,1,2044.63
2024-11-03,IT Consulting,Europe,7359.96,2,4393.12
2024-11-03,Premium Support,North America,408.79,1,86.83
2024-11-03,Analytics License,LATAM,784.49,1,268.86
2024-11-04,CRM Software,Europe,2540.16,2,741.42
2024-11-04,Analytics License,Europe,889.79,1,282.18
2024-11-04,Training,LATAM,681.39,1,290.2
2024-11-05,IT Consulting,LATAM,3578.82,1,2081.17
2024-11-05,Analytics License,Europe,1615.12,2,560.54
2024-11-05,CRM Software,North America,1100.86,1,301.8
2024-11-05,Analytics License,LATAM,848.58,1,285.09
2024-11-05,IT Consulting,LATAM,6209.14,2,3501.31
2024-11-05,Training,LATAM,614.35,1,243.43
2024-11-06,CRM Software,North America,4528.12,4,1279.39
2024-11-06,IT Consulting,Europe,7171.06,2,4297.29
2024-11-06,Hardware Pack,Europe,2337.87,1,1669.69
2024-11-07,Premium Support,Asia-Pacific,407.6,1,88.87
2024-11-07,Hardware Pack,North America,1880.39,1,1104.22
2024-11-07,Hardware Pack,North America,1882.13,1,1214.59
2024-11-07,Analytics License,North America,755.23,1,270.7
2024-11-07,Training,Europe,2068.29,3,815.21
2024-11-07,Analytics License,LATAM,1824.28,2,680.21
2024-11-07,Premium Support,LATAM,405.64,1,80.37
2024-11-08,Hardware Pack,North America,4759.92,2,3226.93
2024-11-08,Premium Support,Europe,847.86,2,166.69
2024-11-08,Training,North America,539.26,1,209.21
2024-11-08,Training,Europe,643.61,1,244.27
2024-11-09,Hardware Pack,LATAM,2108.62,1,1258.81
2024-11-09,Training,North America,2651.15,5,1011.36
2024-11-09,Training,LATAM,594.35,1,242.08
2024-11-10,Analytics License,LATAM,2524.74,3,867.42
2024-11-10,CRM Software,LATAM,3430.26,3,949.12
2024-11-11,Training,North America,642.26,1,244.17
2024-11-11,Training,North America,644.39,1,232.63
2024-11-11,IT Consulting,LATAM,3046.37,1,1568.68
2024-11-11,Training,LATAM,1211.82,2,519.69
2024-11-12,CRM Software,Europe,2267.84,2,658.88
2024-11-12,Hardware Pack,LATAM,2352.83,1,1490.23
2024-11-12,Premium Support,Europe,451.23,1,83.74
2024-11-13,IT Consulting,Europe,3664.21,1,2029.48
2024-11-13,IT Consulting,LATAM,3146.73,1,1662.9
2024-11-13,CRM Software,North America,1063.96,1,294.36
2024-11-13,CRM Software,North America,1287.59,1,381.5
2024-11-13,Hardware Pack,North America,5667.3,3,3491.93
2024-11-13,CRM Software,Europe,3197.67,3,1016.9
2024-11-13,Analytics License,LATAM,912.48,1,304.19
2024-11-14,Hardware Pack,Europe,2479.29,1,1455.49
2024-11-14,CRM Software,Europe,2060.74,2,635.99
2024-11-14,Premium Support,LATAM,398.13,1,85.11
2024-11-14,Analytics License,Asia-Pacific,728.26,1,255.61
2024-11-14,IT Consulting,Middle East,4024.3,1,2069.64
2024-11-14,CRM Software,Europe,1270.63,1,357.77
2024-11-15,Premium Support,LATAM,450.48,1,82.31
2024-11-15,Hardware Pack,LATAM,6642.99,3,4112.99
2024-11-15,CRM Software,North America,1128.89,1,370.87
2024-11-15,CRM Software,LATAM,1192.2,1,323.4
2024-11-15,Analytics License,North America,685.94,1,228.02
2024-11-15,Analytics License,LATAM,1689.74,2,637.91
2024-11-16,Premium Support,Europe,510.13,1,92.99
2024-11-16,Analytics License,North America,1434.88,2,500.05
2024-11-16,Hardware Pack,LATAM,2451.73,1,1623.47
2024-11-16,CRM Software,North America,1095.09,1,315.15
2024-11-16,Analytics License,LATAM,3245.52,4,1189.07
2024-11-16,CRM Software,North America,1023.13,1,285.8
2024-11-16,IT Consulting,LATAM,3761.85,1,2241.92
2024-11-16,Training,Europe,1824.63,3,800.17
2024-11-17,Premium Support,North America,436.06,1,86.76
2024-11-17,IT Consulting,Europe,3169.68,1,1632.47
2024-11-17,Training,Asia-Pacific,543.29,1,214.19
2024-11-17,Premium Support,North America,850.34,2,174.39
2024-11-17,Hardware Pack,LATAM,2388.71,1,1589.28
2024-11-18,CRM Software,LATAM,6295.55,5,1775.06
2024-11-18,Hardware Pack,Middle East,2395.14,1,1425.28
2024-11-18,IT Consulting,North America,8040.8,2,4568.96
2024-11-18,Premium Support,North America,436.62,1,83.79
2024-11-18,IT Consulting,LATAM,7267.36,2,3974.42
2024-11-18,Analytics License,Europe,823.9,1,291.27
2024-11-18,IT Consulting,LATAM,7747.88,2,4139.26
2024-11-18,IT Consulting,North America,6588.46,2,3491.83
2024-11-18,Analytics License,North America,692.19,1,240.73
2024-11-19,IT Consulting,Europe,3265.71,1,1633.07
2024-11-19,Analytics License,Europe,1443.6,2,510.0
2024-11-19,IT Consulting,LATAM,3277.22,1,1655.85
2024-11-19,Premium Support,North America,814.34,2,156.97
2024-11-20,Premium Support,Asia-Pacific,394.21,1,80.5
2024-11-20,CRM Software,North America,6533.65,5,2060.75
2024-11-20,Training,North America,626.35,1,269.25
2024-11-21,IT Consulting,LATAM,9772.95,3,5893.56
2024-11-21,Premium Support,LATAM,928.84,2,198.75
2024-11-21,Premium Support,North America,1253.07,3,240.43
2024-11-21,Training,North America,687.0,1,290.56
2024-11-21,Hardware Pack,North America,2394.16,1,1595.18
2024-11-22,CRM Software,LATAM,4549.2,4,1263.16
2024-11-22,Premium Support,Europe,1485.69,3,322.53
2024-11-22,CRM Software,LATAM,2189.6,2,696.15
2024-11-22,IT Consulting,LATAM,9307.71,3,5257.09
2024-11-22,Training,Europe,600.47,1,228.55
2024-11-23,Hardware Pack,North America,3859.46,2,2507.41
2024-11-23,Analytics License,Europe,852.97,1,299.38
2024-11-23,Analytics License,Middle East,1494.14,2,552.5
2024-11-24,Analytics License,LATAM,873.94,1,294.91
2024-11-24,Premium Support,Asia-Pacific,944.4,2,187.1
2024-11-24,Premium Support,North America,472.68,1,87.6
2024-11-25,Training,Asia-Pacific,563.36,1,244.71
2024-11-25,Premium Support,Asia-Pacific,1337.67,3,263.4
2024-11-26,Training,North America,1066.98,2,432.38
2024-11-26,Analytics License,Middle East,2786.52,4,966.78
2024-11-26,CRM Software,North America,2689.38,2,798.16
2024-11-26,CRM Software,Europe,3807.93,3,1083.78
2024-11-26,Analytics License,Europe,1695.8,2,635.42
2024-11-26,Training,Europe,2556.92,4,978.5
2024-11-26,Training,Middle East,677.06,1,289.5
2024-11-26,IT Consulting,North America,3142.61,1,1671.61
2024-11-27,Premium Support,Middle East,448.93,1,95.11
2024-11-27,IT Consulting,North America,7517.48,2,3841.48
2024-11-27,CRM Software,Asia-Pacific,2261.22,2,660.73
2024-11-28,IT Consulting,LATAM,3473.16,1,1722.02
2024-11-28,IT Consulting,Europe,3107.67,1,1730.6
2024-11-29,Analytics License,LATAM,864.81,1,310.56
2024-11-29,Analytics License,Europe,1683.54,2,532.28
2024-11-29,Premium Support,Europe,500.84,1,104.75
2024-11-29,Analytics License,LATAM,4541.7,5,1474.2
2024-11-29,CRM Software,Europe,1044.96,1,322.16
2024-11-29,CRM Software,North America,1343.82,1,438.69
2024-11-29,Analytics License,Europe,812.95,1,256.17
2024-11-30,Analytics License,LATAM,1482.82,2,509.34
2024-11-30,IT Consulting,North America,4004.27,1,2268.47
2024-11-30,IT Consulting,LATAM,3403.1,1,1731.54
2024-11-30,CRM Software,Europe,3873.09,3,1216.04
2024-11-30,Premium Support,LATAM,438.0,1,91.49
2024-11-30,Training,LATAM,1281.4,2,498.92
2024-12-01,Analytics License,LATAM,878.39,1,299.17
2024-12-01,CRM Software,LATAM,2260.14,2,620.12
2024-12-01,CRM Software,North America,1214.11,1,346.39
2024-12-01,Analytics License,Europe,900.95,1,289.7
2024-12-01,Hardware Pack,LATAM,2050.95,1,1285.14
2024-12-01,IT Consulting,LATAM,3074.12,1,1564.2
2024-12-01,Analytics License,North America,1777.42,2,583.46
2024-12-01,CRM Software,LATAM,1040.63,1,291.87
2024-12-01,Hardware Pack,North America,5920.71,3,3475.18
2024-12-01,IT Consulting,North America,14484.88,4,7477.04
2024-12-02,Training,North America,587.62,1,238.31
2024-12-02,Hardware Pack,Middle East,3878.88,2,2608.01
2024-12-02,CRM Software,LATAM,1134.32,1,323.92
2024-12-02,CRM Software,Asia-Pacific,2691.98,2,861.76
2024-12-02,CRM Software,North America,6106.1,5,1771.89
2024-12-02,CRM Software,LATAM,1083.79,1,311.76
2024-12-02,Analytics License,LATAM,794.76,1,293.07
2024-12-02,IT Consulting,LATAM,6766.42,2,3447.19
2024-12-03,Training,Asia-Pacific,655.5,1,256.33
2024-12-03,CRM Software,North America,5614.5,5,1539.87
2024-12-03,IT Consulting,North America,11155.02,3,6397.42
2024-12-04,IT Consulting,Middle East,3055.56,1,1655.79
2024-12-04,Training,LATAM,1752.12,3,651.12
2024-12-05,Analytics License,North America,902.01,1,324.02
2024-12-05,Training,LATAM,1248.98,2,489.78
2024-12-05,Premium Support,LATAM,387.22,1,85.03
2024-12-05,Premium Support,LATAM,437.73,1,85.0
2024-12-05,Premium Support,Europe,487.8,1,89.73
2024-12-05,Hardware Pack,North America,4158.82,2,2694.43
2024-12-05,Analytics License,Asia-Pacific,719.5,1,229.86
2024-12-06,Hardware Pack,Asia-Pacific,2521.24,1,1563.87
2024-12-06,CRM Software,Middle East,1235.92,1,397.58
2024-12-06,Hardware Pack,LATAM,3773.76,2,2594.22
2024-12-06,Analytics License,LATAM,1791.54,2,642.56
2024-12-06,CRM Software,Middle East,1116.41,1,330.38
2024-12-06,Premium Support,North America,1614.4,4,304.8
2024-12-06,Training,North America,2370.28,4,887.74
2024-12-07,IT Consulting,LATAM,7929.58,2,3997.31
2024-12-07,Training,LATAM,533.73,1,230.02
2024-12-07,Hardware Pack,Europe,2093.62,1,1335.04
2024-12-07,Training,North America,632.79,1,275.89
2024-12-07,Premium Support,LATAM,967.0,2,195.77
2024-12-07,Analytics License,North America,1505.74,2,507.16
2024-12-07,CRM Software,North America,6064.15,5,1862.28
2024-12-07,IT Consulting,North America,3932.31,1,2250.18
2024-12-07,IT Consulting,Asia-Pacific,9284.85,3,4856.8
2024-12-07,CRM Software,Europe,2564.72,2,699.7
2024-12-08,Analytics License,North America,1399.34,2,504.15
2024-12-08,CRM Software,LATAM,1250.77,1,396.72
2024-12-08,Hardware Pack,North America,2088.06,1,1381.46
2024-12-08,Training,LATAM,642.1,1,263.63
2024-12-08,Analytics License,North America,4483.45,5,1630.96
2024-12-09,IT Consulting,LATAM,3283.21,1,1721.25
2024-12-09,Training,LATAM,546.1,1,206.04
2024-12-09,IT Consulting,Europe,3187.26,1,1768.94
2024-12-09,Training,North America,632.11,1,257.54
2024-12-09,CRM Software,North America,1375.14,1,394.25
2024-12-09,Training,North America,647.87,1,254.67
2024-12-10,Premium Support,LATAM,396.5,1,72.14
2024-12-10,Premium Support,LATAM,1954.32,4,397.9
2024-12-10,Hardware Pack,North America,7299.42,3,4909.31
2024-12-10,Training,LATAM,1133.66,2,464.48
2024-12-11,Training,North America,510.42,1,223.93
2024-12-11,Analytics License,North America,886.39,1,292.43
2024-12-11,Hardware Pack,North America,2183.2,1,1379.77
2024-12-11,IT Consulting,LATAM,3410.91,1,1751.89
2024-12-11,IT Consulting,LATAM,3196.43,1,1883.63
2024-12-11,Hardware Pack,LATAM,2416.06,1,1597.09
2024-12-12,Training,North America,1139.4,2,476.09
2024-12-12,Analytics License,Europe,1393.98,2,503.54
2024-12-13,Training,North America,651.17,1,283.75
2024-12-13,Analytics License,LATAM,1701.66,2,643.03
2024-12-13,Training,Europe,1266.16,2,532.1
2024-12-13,IT Consulting,North America,7177.8,2,3658.54
2024-12-13,Hardware Pack,North America,2475.62,1,1664.87
2024-12-14,IT Consulting,Asia-Pacific,3587.28,1,2004.16
2024-12-14,Hardware Pack,Europe,2505.55,1,1663.68
2024-12-14,Analytics License,LATAM,2570.52,3,899.87
2024-12-14,Training,Asia-Pacific,2693.25,5,1045.88
2024-12-14,Analytics License,LATAM,1838.86,2,603.84
2024-12-14,Training,Europe,672.86,1,277.08
2024-12-15,IT Consulting,North America,6775.1,2,3546.48
2024-12-15,Hardware Pack,North America,2435.51,1,1572.59
2024-12-15,Premium Support,North America,515.52,1,96.22
2024-12-15,Training,LATAM,535.71,1,225.61
2024-12-15,CRM Software,Asia-Pacific,5352.32,4,1532.03
2024-12-15,IT Consulting,North America,7027.26,2,3696.01
2024-12-15,Premium Support,Europe,967.98,2,197.02
2024-12-16,CRM Software,LATAM,6869.5,5,2058.37
2024-12-16,Analytics License,Europe,2925.16,4,1007.43
2024-12-16,IT Consulting,Europe,13801.8,4,7133.24
2024-12-16,CRM Software,LATAM,1121.45,1,320.79
2024-12-17,CRM Software,North America,2318.08,2,707.73
2024-12-17,Hardware Pack,LATAM,4021.34,2,2805.82
2024-12-17,Hardware Pack,Asia-Pacific,4553.68,2,2934.7
2024-12-17,Premium Support,Europe,1374.06,3,292.87
2024-12-17,Training,Europe,1337.6,2,527.97
2024-12-17,Hardware Pack,LATAM,3897.1,2,2314.72
2024-12-17,Premium Support,North America,1315.23,3,273.46
2024-12-18,Training,North America,642.52,1,257.67
2024-12-18,Training,North America,544.3,1,216.07
2024-12-18,IT Consulting,LATAM,7416.22,2,3846.35
2024-12-18,IT Consulting,LATAM,3978.7,1,2000.27
2024-12-18,Hardware Pack,LATAM,2303.5,1,1406.9
2024-12-18,Hardware Pack,LATAM,2314.85,1,1608.27
2024-12-18,Hardware Pack,LATAM,11630.65,5,8139.3
2024-12-19,Analytics License,North America,729.91,1,232.07
2024-12-19,Analytics License,LATAM,2480.4,3,832.68
2024-12-19,CRM Software,North America,2711.3,2,871.66
2024-12-19,Training,LATAM,676.51,1,263.36
2024-12-19,IT Consulting,Middle East,16682.6,5,8371.23
2024-12-19,Analytics License,Europe,823.85,1,271.12
2024-12-20,Analytics License,LATAM,1663.46,2,567.48
2024-12-20,Analytics License,North America,726.69,1,270.65
2024-12-20,Training,LATAM,553.39,1,199.92
2024-12-20,Analytics License,North America,868.26,1,303.46
2024-12-20,Premium Support,North America,512.53,1,94.61
2024-12-20,Analytics License,Europe,720.68,1,229.59
2024-12-20,IT Consulting,Asia-Pacific,14675.36,4,8469.15
2024-12-21,Training,Europe,556.57,1,201.52
2024-12-21,IT Consulting,LATAM,3437.07,1,1883.9
2024-12-21,Hardware Pack,LATAM,6370.41,3,4278.46
2024-12-21,Premium Support,North America,953.1,2,183.92
2024-12-22,IT Consulting,LATAM,3905.6,1,1998.3
2024-12-22,CRM Software,Asia-Pacific,1226.85,1,369.14
2024-12-22,IT Consulting,Europe,3241.97,1,1710.14
2024-12-23,IT Consulting,Europe,6729.46,2,3912.65
2024-12-23,Hardware Pack,LATAM,1872.71,1,1098.22
2024-12-23,Training,Europe,542.71,1,227.64
2024-12-23,Training,North America,646.14,1,236.83
2024-12-23,Training,LATAM,1163.38,2,419.45
2024-12-23,IT Consulting,North America,3496.74,1,2083.58
2024-12-23,IT Consulting,LATAM,14754.76,4,8229.02
2024-12-24,IT Consulting,LATAM,6016.62,2,3332.28
2024-12-24,Training,Middle East,521.82,1,224.89
2024-12-24,Training,LATAM,1326.94,2,535.2
2024-12-24,Hardware Pack,LATAM,2143.37,1,1457.95
2024-12-24,Training,LATAM,681.71,1,292.62
2024-12-24,Analytics License,Asia-Pacific,773.28,1,267.6
2024-12-24,Premium Support,Asia-Pacific,497.7,1,96.12
2024-12-24,Premium Support,Europe,457.06,1,93.22
2024-12-24,Analytics License,Europe,2612.43,3,882.12
2024-12-25,Premium Support,LATAM,2508.4,5,498.97
2024-12-25,IT Consulting,North America,3267.0,1,1695.13
2024-12-25,Hardware Pack,Middle East,9074.16,4,5988.58
2024-12-25,IT Consulting,LATAM,3592.55,1,1832.96
2024-12-25,Analytics License,North America,914.62,1,325.41
2024-12-26,Hardware Pack,Asia-Pacific,4803.3,2,3058.38
2024-12-27,Training,LATAM,1318.58,2,494.77
2024-12-27,Hardware Pack,LATAM,1958.01,1,1207.17
2024-12-27,Hardware Pack,North America,2138.23,1,1487.49
2024-12-28,CRM Software,Middle East,1277.19,1,372.55
2024-12-28,Hardware Pack,LATAM,12358.0,5,7585.31
2024-12-28,Hardware Pack,North America,1875.79,1,1190.52
2024-12-28,IT Consulting,North America,7372.68,2,4075.87
2024-12-28,Training,LATAM,1025.18,2,373.13
2024-12-28,Training,Europe,644.64,1,273.98
2024-12-28,Training,Europe,555.77,1,228.13
2024-12-28,Training,North America,551.87,1,231.8
2024-12-28,Hardware Pack,LATAM,2086.1,1,1265.01
2024-12-28,Hardware Pack,Middle East,4367.9,2,2938.16
2024-12-29,Training,North America,1734.81,3,631.09
2024-12-29,CRM Software,North America,3950.85,3,1253.46
2024-12-29,Training,North America,611.89,1,257.06
2024-12-29,Premium Support,LATAM,1031.4,2,196.0
2024-12-29,Premium Support,LATAM,408.09,1,75.51
2024-12-29,Hardware Pack,North America,2266.4,1,1344.25
2024-12-30,IT Consulting,North America,3604.97,1,1977.04
2024-12-30,Premium Support,North America,2480.25,5,450.01
2024-12-31,CRM Software,North America,1073.57,1,339.84
2024-12-31,IT Consulting,North America,3210.12,1,1717.29
2024-12-31,IT Consulting,North America,3105.85,1,1662.4
2024-12-31,Premium Support,North America,514.46,1,109.23
